,date,text,sentiment
0,2023/12/19 6:40,Grayscale CEO Michael Sonnenshein believes the SEC needs to approve spot Bitcoin exchange-traded funds (ETFs) simultaneously.,"{'class': 'negative', 'polarity': -0.1, 'subjectivity': 0.6}"
1,2023/12/19 6:03,"In an exclusive interview with CryptoNews, Manhar Garegrat, the Country Head for India and Global Partnerships of Liminal Custody, shares insights into crypto industry's collaborations with India government.","{'class': 'neutral', 'polarity': 0.0, 'subjectivity': 0.0}"
2,2023/12/19 5:55,"According to the Federal Court ruling on December 18, former Binance CEO Changpeng 'CZ' Zhao has been ordered to pay $150 million, while Binance will pay $2.7 billion to conclude the CFTC enforcement action.","{'class': 'positive', 'polarity': 0.05, 'subjectivity': 0.05}"
3,2023/12/19 5:35,"Some suggest EVM inscriptions are the latest way for retail to access low-cap coins, while others argue itâs an over-hyped fad. Whatever it is, itâs clogging up the blockchain.","{'class': 'positive', 'polarity': 0.5, 'subjectivity': 0.9}"
4,2023/12/19 5:31,A decision by bloXroute Labs to start censoring OFAC-sanctioned blocks has been seen as a loss for Ethereum censorship resistance.,"{'class': 'neutral', 'polarity': 0.0, 'subjectivity': 0.0}"
5,2023/12/19 5:25,"Yonsei found that during BTCâs rally in early December, the Binary CDD was also active, signaling recent activity by short-term holders.","{'class': 'negative', 'polarity': -0.01, 'subjectivity': 0.38}"
6,2023/12/19 4:50,"Cathie Wood led ARK Invest fund sold around 809, 441 Grayscale Bitcoin Trust (GBTC) shares worth $27.6 million on Monday.","{'class': 'positive', 'polarity': 0.3, 'subjectivity': 0.1}"
7,2023/12/19 4:10,Bitcoin's 150% surge pales in comparison to the staggering 266% return of listed mining companies and crypto firms like Coinbase.,"{'class': 'neutral', 'polarity': 0.0, 'subjectivity': 0.0}"
8,2023/12/19 4:00,"The South Korean city of Busan is edging closer to the launch of a long-awaited blockchain-powered digital assets trading platform, and has named a preferred bidder.","{'class': 'neutral', 'polarity': 0.0, 'subjectivity': 0.0}"
9,2023/12/19 2:59,"The SEC has pushed back its decision on a roster of Ethereum ETFs, with the final date for a potential approval arriving in late May.","{'class': 'negative', 'polarity': -0.08, 'subjectivity': 0.64}"
10,2023/12/18 23:48,"The new CEO, Josh Swihart, has been the vice president at Electric Coin for nearly five years but recently took a four month stint away from the firm.","{'class': 'positive', 'polarity': 0.01, 'subjectivity': 0.38}"
11,2023/12/18 23:37,"NASDAQ-listed Bitcoin mining firm Cipher Mining Inc. has announced the purchase of 37,396 units of the latest Bitmain Antminer T21 series.","{'class': 'positive', 'polarity': 0.15, 'subjectivity': 0.65}"
12,2023/12/18 23:30,South Korean crypto market analysts think the worldwide crypto market cap could hit the $5 trillion mark in 2024 as global adoption continues.,"{'class': 'neutral', 'polarity': 0.0, 'subjectivity': 0.0}"
13,2023/12/18 22:48,"Tether asserts to have effectively immobilized 326 wallets, overseeing 435 million USDT, in cooperation with law enforcement agencies.","{'class': 'positive', 'polarity': 0.6, 'subjectivity': 0.8}"
14,2023/12/18 21:47,"Here is our weekly collection of digital asset listing and delisting, trading pair-related announcements by crypto exchanges that we found last week and today.","{'class': 'neutral', 'polarity': 0.0, 'subjectivity': 0.03}"
15,2023/12/18 21:09,"A former Lido holder has filed a class action lawsuit against the Lido decentralized autonomous organization (DAO), a governing body that manages the liquid staking protocol, according to a recent court document.","{'class': 'positive', 'polarity': 0.12, 'subjectivity': 0.26}"
16,2023/12/18 20:56,"BEEG's adoption skyrockets as 37% is minted within 2 hours and 15 minutes, attracting 4,300 holders. ","{'class': 'neutral', 'polarity': 0.0, 'subjectivity': 0.0}"
17,2023/12/18 19:46,"With the Financial Conduct Authority tightening regulations around crypto promotions, Revolut has announced the suspension of cryptocurrency buying services for UK business accounts starting in 2024.","{'class': 'neutral', 'polarity': 0.0, 'subjectivity': 0.05}"
18,2023/12/18 19:14,"Over 33% of recent miner revenue has stemmed from transaction fees alone, which are booming thanks to Ordinals.","{'class': 'positive', 'polarity': 0.1, 'subjectivity': 0.23}"
19,2023/12/18 19:11,Fairshake has raised $78 million to support âpro-cryptoâ?candidates in the forthcoming 2024 US elections.,"{'class': 'neutral', 'polarity': 0.0, 'subjectivity': 0.0}"
20,2023/12/18 19:05,"Metaverse startup Improbable has sold its gaming subsidiary, MPG, to Irish video game company Keywords Studios for $96.8 million.","{'class': 'negative', 'polarity': -0.2, 'subjectivity': 0.2}"
21,2023/12/18 18:33,"Bitcoin may remain under pressure for a few days, but a collapse is unlikely as traders are expected to buy the dips in anticipation of a spot Bitcoin ETF.","{'class': 'negative', 'polarity': -0.27, 'subjectivity': 0.33}"
22,2023/12/18 18:18,"Blue-chip cryptocurrencies continue to pull lower from multi-month/year highs hit earlier in the month amid profit-taking ahead of what is expected to be a somewhat calmer and lower volume run in to the end of the year, as major market participants take time off for the Christmas holidays. But low cap markets continue to pump. Here are some of the biggest gainers on Uniswap.","{'class': 'negative', 'polarity': -0.01, 'subjectivity': 0.42}"
23,2023/12/18 18:15,The ad spot came as the U.S. Securities and Exchange Commission is looking at multiple spot crypto exchange-traded fund applications from asset managers.,"{'class': 'neutral', 'polarity': 0.0, 'subjectivity': 0.0}"
24,2023/12/18 18:11,"Bitcoin (BTC), the world's most valuable cryptocurrency, experienced a downturn over the weekend, falling to the $41,000 range. This decline is part of a broader trend that saw the global crypto market cap drop by over 8% in 24 hours, standing at $1.46 trillion. The market's sluggishness is partly due to a lack of fresh news on ETF applications.","{'class': 'positive', 'polarity': 0.3, 'subjectivity': 0.45}"
25,2023/12/18 18:04,Arweave founder Sam Williams has taken to X to allege storage solution company Irys has plans to fork his decentralized information storage firm.,"{'class': 'negative', 'polarity': -0.2, 'subjectivity': 0.4}"
26,2023/12/18 18:02,Fairshakes has raised $78 million to fund pro-crypto legislators and support leaders who support blockchain innovation in the United States.,"{'class': 'neutral', 'polarity': 0.0, 'subjectivity': 0.0}"
27,2023/12/18 18:00,"The investor claimed that 64% of Lido tokens are controlled by just a few venture capital firms, preventing ordinary investors from having any control over decisions.","{'class': 'negative', 'polarity': -0.23, 'subjectivity': 0.3}"
28,2023/12/18 18:00,"In the midst of the BONK meme coin frenzy, Solana Saga phones have become unexpected stars on the resale market, with one device reportedly fetching\xa0$5,000 on eBay.","{'class': 'positive', 'polarity': 0.1, 'subjectivity': 1.0}"
29,2023/12/18 17:55,"Since the famous meme post to BitcoinTalk, Bitcoin (BTC) is up roughly 100X.","{'class': 'positive', 'polarity': 0.2, 'subjectivity': 0.7}"
30,2023/12/18 17:35,"âWe are still investigating & we should be able to share an update soon,â?wrote a Zilliqa community moderator.","{'class': 'positive', 'polarity': 0.5, 'subjectivity': 0.62}"
31,2023/12/18 17:16,"Ethereum layer-2 network Arbitrum (ARB) reached a new all-time high in daily transactions over the weekend, joining Bitcoin under a waterfall of blockchain activity spurred by inscriptions.\r\n\r\nAccording to data from crypto market analysis platform IntoTheBlock, the network tapped 5.4 million...","{'class': 'positive', 'polarity': 0.1, 'subjectivity': 0.33}"
32,2023/12/18 17:01,"CoinShares said the ""mixed regional flows"" are more indicative of profit-taking actions among investors rather than signaling a negative shift in sentiment towards the digital asset class.","{'class': 'positive', 'polarity': 0.05, 'subjectivity': 0.29}"
33,2023/12/18 17:00,"The 1inch Network, a leading DeFi platform, has come a long way since its launch in 2019. Its founders share the project's success story and the latest features that empower traders and businesses.","{'class': 'positive', 'polarity': 0.25, 'subjectivity': 0.43}"
34,2023/12/18 16:52,"A hard fork proposed by Arweaveâs largest layer-2 solution, Irys, is allegedly in the making.","{'class': 'negative', 'polarity': -0.2, 'subjectivity': 0.32}"
35,2023/12/18 16:36,"A former Amazon engineer has pleaded guilty to hacking two cryptocurrency exchanges, resulting in the first-ever conviction involving the hacking of a smart contract.","{'class': 'negative', 'polarity': -0.1, 'subjectivity': 0.55}"
36,2023/12/18 15:42,Digital asset mining firm Hut 8 signed an interim agreement to build out and install crypto-mining facilities in collaboration with Celsius Network.,"{'class': 'negative', 'polarity': -0.1, 'subjectivity': 0.2}"
37,2023/12/18 15:27,Dwindling Coinbase Premium Index is signaling a diminishing optimism among professional traders in the Bitcoin market.,"{'class': 'positive', 'polarity': 0.1, 'subjectivity': 0.1}"
38,2023/12/18 15:13,"Data shows Tether's USDT stablecoin drifting below its $1 peg across major exchanges. The devaluation follows Tether freezing $435M in USDT on behalf of authorities, sparking backlash.","{'class': 'positive', 'polarity': 0.06, 'subjectivity': 0.5}"
39,2023/12/18 14:25,WIF has witnessed a significant surge since its release on the Solana network.,"{'class': 'positive', 'polarity': 0.38, 'subjectivity': 0.88}"
40,2023/12/18 14:13,The new crypto-mining equipment to be bought by Cipher is expected to deliver 7.1 EH/s of self-mining capacity by the first half of 2025.,"{'class': 'positive', 'polarity': 0.03, 'subjectivity': 0.34}"
41,2023/12/18 14:08,Prominent cryptocurrency companies and investors intend to support pro-cryptocurrency candidates during the 2024 U.S. election cycle.,"{'class': 'positive', 'polarity': 0.5, 'subjectivity': 1.0}"
42,2023/12/18 14:01,BlockShow marks its return to in-person conferences by joining forces with BlockDown to bring a crypto festival to an iconic Hong Kong location in May 2024.,"{'class': 'positive', 'polarity': 0.5, 'subjectivity': 0.5}"
43,2023/12/18 14:00,Updated industry standards aim to help prevent security exploits on Ethereum.,"{'class': 'neutral', 'polarity': 0.0, 'subjectivity': 0.0}"
44,2023/12/18 14:00,"Today in crypto: registered investment advisors would likely drive BTC ETFs, US OFAC announced a $1.2 million settlement with the CoinList exchange, and more news!","{'class': 'positive', 'polarity': 0.31, 'subjectivity': 0.75}"
45,2023/12/18 13:55,"The US Justice Department's crackdown on Binance has triggered a seismic shift in how the crypto industry operates, with Binance now set to undergo an 'unprecedented' level of scrutiny.","{'class': 'positive', 'polarity': 0.6, 'subjectivity': 0.9}"
46,2023/12/18 13:16,"Recently, the meme coin market has made a significant comeback, evidenced by Bonk (BONK) achieving gains of over 580% in just 30 days. Snek (SNEK), a trending meme token hosted","{'class': 'positive', 'polarity': 0.19, 'subjectivity': 0.56}"
47,2023/12/18 13:06,"OKX NFT recorded a 24-hour trading volume of $50 million on Dec. 18, surpassing its competitors in the NFT space.","{'class': 'neutral', 'polarity': 0.0, 'subjectivity': 0.0}"
48,2023/12/18 12:27,Yuga Labs co-founder Greg Solano aided the recovery of stolen NFTs by paying a 120 Ether bounty. ,"{'class': 'neutral', 'polarity': 0.0, 'subjectivity': 0.0}"
49,2023/12/18 11:54,"Hut 8âs new mining site in Cedarvale, Texas, will house almost 66,000 miners and will be powered by more than 215 MWof energy.","{'class': 'positive', 'polarity': 0.32, 'subjectivity': 0.48}"
50,2023/12/18 11:47,"Bankrupt digital asset exchange, FTX has paid hundreds of millions in legal fees in a few months sparking reactions as creditors seek to recover their losses.","{'class': 'neutral', 'polarity': 0.0, 'subjectivity': 0.1}"
51,2023/12/18 11:20,"Bitcoin Ordinals-based development platform Tap Protocol has raised over $4 million in an oversubscribed round, promising more 'big' news to come.","{'class': 'positive', 'polarity': 0.12, 'subjectivity': 0.38}"
52,2023/12/18 11:15,"Digital asset investment products witnessed outflows of $16 million last week, putting an end to an 11-week streak of consecutive inflows.","{'class': 'neutral', 'polarity': 0.0, 'subjectivity': 0.03}"
53,2023/12/18 11:13,"Over the past two days, Worldcoin (WLD) has seen a significant price increase, reaching a new all-time high of $4.70, with the token now up 55% in a week. Analysts","{'class': 'positive', 'polarity': 0.11, 'subjectivity': 0.53}"
54,2023/12/18 10:43,"High demand and surging token value drive Solana Saga phone prices on eBay to $5,000, surpassing the original retail price of $599.","{'class': 'positive', 'polarity': 0.27, 'subjectivity': 0.65}"
55,2023/12/18 10:41,"Spot Bitcoin ETFs could trigger unwanted consequences for crypto exchanges like Coinbase due to lower transaction fees, according to ETF analysts.","{'class': 'negative', 'polarity': -0.12, 'subjectivity': 0.38}"
56,2023/12/18 10:16,"Blockstream CEO Adam Back believes 2024 could mark a period of resurgence for Bitcoin, propelling the leading cryptocurrency towards $100,000.","{'class': 'neutral', 'polarity': 0.0, 'subjectivity': 0.0}"
57,2023/12/18 10:00,"Time after time, the crypto world has rallied together to support those affected by natural disasters and crises worldwide.","{'class': 'positive', 'polarity': 0.1, 'subjectivity': 0.4}"
58,2023/12/18 9:27,Another dog-themed crypto token comes into the limelight as the Solana memecoin frenzy continues.,"{'class': 'neutral', 'polarity': 0.0, 'subjectivity': 0.0}"
59,2023/12/18 8:46,BTC price action keeps traders nervous going into the holiday period as Bitcoin faces the pressure of the yearly close.,"{'class': 'positive', 'polarity': 0.1, 'subjectivity': 0.1}"
60,2023/12/18 7:46,"Embattled crypto exchange FTX has moved forward with plans to end its bankruptcy and make creditors whole again, but escalating legal fees have eaten into its pot.\xa0","{'class': 'positive', 'polarity': 0.2, 'subjectivity': 0.3}"
61,2023/12/18 7:39,"In the ever-shifting world of cryptocurrency, Bitcoin's recent price movement paints a complex picture, trading at $41,079 with a 2.01% decrease on Monday. Amidst this volatility, notable voices in the industry weigh in, offering diverse outlooks. VanEck's CEO stands firm in the belief that Bitcoin will retain its status as the premier digital store of value. In a more futuristic projection, Cathie Wood speculates an astronomical rise for Bitcoin, predicting a 3,356% increase by 2030.","{'class': 'positive', 'polarity': 0.08, 'subjectivity': 0.34}"
62,2023/12/18 7:25,VanEck CEO Jan van Eck expects Bitcoin price to reach all-time high in 2024 as there is âno bubble.â?VanEck CEO Expects Bitcoin Price to See All-Time High in Next 12 Months,"{'class': 'positive', 'polarity': 0.16, 'subjectivity': 0.54}"
63,2023/12/18 7:20,"More companies are turning to blockchain-based private credit as they seek financing amid increasing interest rates, leading to a significant surge in this sector.","{'class': 'positive', 'polarity': 0.29, 'subjectivity': 0.58}"
64,2023/12/18 6:36,"Now-defunct crypto exchange FTX has revealed its latest proposal aimed at returning billions of dollars to customers and creditors, marking the start of the final stage in resolving its bankruptcy case.","{'class': 'positive', 'polarity': 0.25, 'subjectivity': 0.95}"
65,2023/12/18 5:27,"Bitcoin is not the only network getting clogged up with Ordinals inscriptions, with weekend activity on EVM chains also spiking.","{'class': 'neutral', 'polarity': 0.0, 'subjectivity': 1.0}"
66,2023/12/18 5:15,"Binance Survey participants cite crypto's impact on increased investment value, additional income opportunities, improved financial control, and faster cross-border transactions. ","{'class': 'neutral', 'polarity': 0.0, 'subjectivity': 0.0}"
67,2023/12/18 4:00,"A âtectonic riftâ?is threatening to separate the South Korean crypto exchange Upbit from its rivals, as tensions begin to fray between domestic platforms.","{'class': 'neutral', 'polarity': 0.0, 'subjectivity': 0.1}"
68,2023/12/18 2:51,"âItâs impossible for me to imagine some other internet store of value [will] leapfrog Bitcoin,â?said Jan van Eck as he made his bullish case for BTC.","{'class': 'negative', 'polarity': -0.4, 'subjectivity': 0.69}"
69,2023/12/18 1:53,"The average APR offered by blockchain credit protocols is 9.65% compared to an average personal loan interest rate of 11.5%, data shows.","{'class': 'negative', 'polarity': -0.1, 'subjectivity': 0.37}"
70,2023/12/18 1:24,"After months of tepid sales, the Solana Saga phone is now âSOLD OUTâ?on its official website amid a recent frenzy for the free Bonk memecoin airdrop.","{'class': 'positive', 'polarity': 0.2, 'subjectivity': 0.53}"
71,2023/12/17 23:30,"The former Governor of Chinaâs central bank, Dai Xianglong, has insisted that China needs to âlead the worldâ?in CBDC adoption, as the nationâs digital yuan pilot continues.","{'class': 'neutral', 'polarity': 0.0, 'subjectivity': 0.08}"
72,2023/12/17 23:10,"Explosive growth driven by NFT popularity, play-to-earn models, and blockchain integration in mobile gaming.","{'class': 'neutral', 'polarity': 0.0, 'subjectivity': 0.0}"
73,2023/12/17 23:04,Gaming studio founders Yat Siu and Johnson Yeh think more people are coming to Web3 next year â?and blockchain games are why.,"{'class': 'positive', 'polarity': 0.25, 'subjectivity': 0.25}"
74,2023/12/17 23:00,Cryptocurrency mixers face a dilemma between preserving financial privacy freedom or embracing increased compliance measures to avoid U.S. scrutiny.,"{'class': 'neutral', 'polarity': 0.0, 'subjectivity': 0.0}"
75,2023/12/17 21:35,"According to initial reports and on-chain data, the attack targeted Aurory's SyncSpace bridge, draining nearly 80% of the AURY-USDC pool's liquidity.","{'class': 'positive', 'polarity': 0.05, 'subjectivity': 0.2}"
76,2023/12/17 20:23,"The monthly trading volume on decentralized exchanges (DEX) in November increased to $29 billion, bouncing back from a multiyear low recorded in September.","{'class': 'neutral', 'polarity': 0.0, 'subjectivity': 0.15}"
77,2023/12/17 18:10,The hacker returned 36 BAYC and 18 MAYC after receiving a 120 Ether bounty payment from Yuga Labs co-founder Greg Solano.,"{'class': 'neutral', 'polarity': 0.0, 'subjectivity': 0.0}"
78,2023/12/17 17:51,"Three year legal battle concludes with Meta apologizing to Al Mana for unauthorized ads, causing reputational damage and distress.","{'class': 'positive', 'polarity': 0.2, 'subjectivity': 0.2}"
79,2023/12/17 17:00,"The debtors of now-defunct cryptocurrency exchange FTX have submitted an amended Chapter 11 plan of reorganization, suggesting that customer asset claims should be valued retroactively to the date of the exchange's collapse in November last year.","{'class': 'neutral', 'polarity': 0.0, 'subjectivity': 0.07}"
80,2023/12/17 15:52,"Bitcoin is set to break its eight-week winning streak, but that has not affected the prospects of ATOM, FIL, EGLD, and ALGO, which look strong on the charts.","{'class': 'positive', 'polarity': 0.47, 'subjectivity': 0.74}"
81,2023/12/17 15:26,Saffron was previously charged in September 2019 by the Commodity Futures Trading Commission with engaging in a fraudulent scheme.,"{'class': 'positive', 'polarity': 0.12, 'subjectivity': 0.43}"
82,2023/12/17 14:51,"As the crypto market enters another week of trading, Bitcoin (BTC) has seen a slight decline to $41,978, dropping by nearly 50% on Sunday. This move coincides with a significant amount of Bitcoin, worth approximately $860 million, being transferred to exchanges, which could be indicative of a potential major sell-off on the horizon.","{'class': 'positive', 'polarity': 0.04, 'subjectivity': 0.52}"
83,2023/12/17 13:22,Alderoty predicts that legislative conflicts could leave US crypto firms in a state of incertaintly while other nations make progress across their regulatory frameworks.,"{'class': 'negative', 'polarity': -0.12, 'subjectivity': 0.38}"
84,2023/12/17 10:52,"Bitcoin miners are the main beneficiaries of current sky-high transaction fees, data shows, but many longtime market participants have little time for complaints.","{'class': 'positive', 'polarity': 0.12, 'subjectivity': 0.43}"
85,2023/12/17 10:49,Google search trends reveal a subdued level of retail enthusiasm for the cryptocurrency market.,"{'class': 'neutral', 'polarity': 0.0, 'subjectivity': 0.0}"
86,2023/12/17 10:00,"Blockaid co-founder Raz Niv and Apostro co-founder Kate Kurbanova discuss the evolution and high adaptability of crypto thieves, the âingeniousâ?methods attackers employ to empty our crypto wallets, what we can do to protect our own money, and steps to take if we do fall victim to theft.","{'class': 'positive', 'polarity': 0.22, 'subjectivity': 0.62}"
87,2023/12/17 9:00,"Tether, the company responsible for the USDT stablecoin, has made public letters it sent to law enforcement agencies.","{'class': 'positive', 'polarity': 0.1, 'subjectivity': 0.31}"
88,2023/12/17 8:51,Ripple president Monica Long says TradFi systems have been too slow to facilitate global commercial growth. But cryptos like XRP have had great success bridging the gap.,"{'class': 'positive', 'polarity': 0.12, 'subjectivity': 0.26}"
89,2023/12/17 8:09,"Although most altcoins have retraced on a weekly scale, some, such as ICP and BONK, have exploded in an impressive fashion. ","{'class': 'positive', 'polarity': 0.5, 'subjectivity': 0.67}"
90,2023/12/17 7:49,"Phase 2 of the PSC program will prioritize the development of a digital ecosystem and increased user engagement, emphasizing adherence to regulatory compliance.","{'class': 'neutral', 'polarity': 0.0, 'subjectivity': 0.0}"
91,2023/12/17 7:34,VanEck's CEO expects the US SEC will approve all spot BTC ETF applications at the same time. ,"{'class': 'negative', 'polarity': -0.05, 'subjectivity': 0.36}"
92,2023/12/17 4:38,Zhang and Walker have been arrested and made their first appearances in court on Wednesday.,"{'class': 'positive', 'polarity': 0.25, 'subjectivity': 0.33}"
93,2023/12/16 22:46,Decline in hack volumes attributed to enhanced security measures in the cryptocurrency industry. ,"{'class': 'neutral', 'polarity': 0.0, 'subjectivity': 0.0}"
94,2023/12/16 20:04,Polygon Labs has decided to pour resources on CDK. ,"{'class': 'neutral', 'polarity': 0.0, 'subjectivity': 0.0}"
95,2023/12/16 19:38,"At least 13 Mutant Ape Yacht Club and 37 Bored Ape tokens were stolen, along with VeeFriends and World of Women tokens. The losses amount to almost $3 million.","{'class': 'negative', 'polarity': -0.4, 'subjectivity': 0.7}"
96,2023/12/16 17:37,"While spot Bitcoin ETFs give direct exposure to BTC's price movement, buffer ETFs use options to provide a targeted level of protection when the market experiences negative returns.","{'class': 'negative', 'polarity': -0.1, 'subjectivity': 0.4}"
97,2023/12/16 16:00,Taiwanese law enforcement has initiated an investigation into online influencers and community members involved in promoting a Polymarket contract related to Taiwan's upcoming election.,"{'class': 'neutral', 'polarity': 0.0, 'subjectivity': 0.4}"
98,2023/12/16 14:47,"Tether wants to be a partner of the US government, said CEO Ardoino.","{'class': 'positive', 'polarity': 0.2, 'subjectivity': 0.1}"
99,2023/12/16 14:45,"CryptoQuant says the bear market is in the past, and BTC has moved into a bull phase, even though the cryptocurrency has fallen about 10% from its latest peak.","{'class': 'positive', 'polarity': 0.12, 'subjectivity': 0.57}"
100,2023/12/16 12:12,"After over one year of Coinbase filing for rulemaking petition for the crypto industry, the SEC has responded with a denial, stating that the existing rules covered the sector.","{'class': 'negative', 'polarity': -0.1, 'subjectivity': 0.6}"
101,2023/12/16 11:22,"Vesting in crypto refers to the scheduled release of tokens or assets over a predetermined period, often used to incentivize holders.","{'class': 'neutral', 'polarity': 0.0, 'subjectivity': 0.0}"
102,2023/12/16 10:05,"XRP holderâs lawyer, John Deaton, stated that the SECâs stance in the Coinbase rulemaking dispute directly opposes the SEC Chairmanâs statements during his congressional testimony earlier this year.","{'class': 'negative', 'polarity': -0.03, 'subjectivity': 0.53}"
103,2023/12/16 10:00,A weekly round-up of top crypto news from Cryptonews.com and a collection of 20 hand-picked crypto jokes.,"{'class': 'positive', 'polarity': 0.5, 'subjectivity': 0.5}"
104,2023/12/16 9:55,"OSMO, WOO, and FIL follow ICP along with double digit gains. ","{'class': 'neutral', 'polarity': 0.0, 'subjectivity': 0.0}"
105,2023/12/16 9:00,Bitcoin (BTC)has the potential to skyrocket to $1 million within a matter of days to weeks following the approval of a spot Bitcoin exchange-traded fund (ETF).,"{'class': 'neutral', 'polarity': 0.0, 'subjectivity': 0.55}"
106,2023/12/16 7:49,Stuart Alderoty predicts the possible resolution of Rippleâs SEC lawsuit in 2024 and lawmakers on Capitol Hill agreeing on the need for crypto regulations.,"{'class': 'negative', 'polarity': -0.05, 'subjectivity': 0.8}"
107,2023/12/16 5:18,"Bitcoin (BTC), the pioneering cryptocurrency, currently faces a downtrend, slipping below the pivotal $42,000 mark, trading at $42,200 with over 1.50% decrease. This movement prompts questions about Bitcoin's future trajectory and whether this bearish trend will persist.","{'class': 'positive', 'polarity': 0.1, 'subjectivity': 0.36}"
108,2023/12/16 5:08,The asset management firm declares that the Grayscale Bitcoin Trust (GBTC) falls under the grantor trust structure for tax considerations.,"{'class': 'negative', 'polarity': -0.2, 'subjectivity': 0.4}"
109,2023/12/15 23:40,"Bitcoin (BTC) chart analysis suggests the price has formed a key short-term technical pattern that could be a harbinger of extreme volatility ahead, with quick dump to $38,000 or pump towards $48,000 possible depending on how the pattern is broken.","{'class': 'negative', 'polarity': -0.03, 'subjectivity': 0.67}"
110,2023/12/15 23:20,"Renewable Bitcoin mining company Iris Energy has revealed the acquisition of 1.6 EH/s of Bitmain T21 miners, increasing its self-mining capacity to 10 EH/s.","{'class': 'neutral', 'polarity': 0.0, 'subjectivity': 0.0}"
111,2023/12/15 23:10,"The hacker behind the Nirvana Finance attack has pled guilty, and faces a maxium of five years in prison. ","{'class': 'negative', 'polarity': -0.45, 'subjectivity': 0.85}"
112,2023/12/15 21:49,Total value locked on real-world assets recorded a 700% surge year-to-date (YTD) alongside overall decentralized finance (DeFi) figures in 2023 as the marketâs bullish sentiment continues.,"{'class': 'neutral', 'polarity': 0.0, 'subjectivity': 0.38}"
113,2023/12/15 21:43,"A trader has turned $16,000 into more than $10,800,000 by betting on the recent BONK! ($BONK) price rally.","{'class': 'positive', 'polarity': 0.25, 'subjectivity': 0.38}"
114,2023/12/15 21:19,"The influx of $19.7 billion could serve as a telling sign, suggesting an imminent surge in Bitcoin's trajectory.","{'class': 'neutral', 'polarity': 0.0, 'subjectivity': 0.0}"
115,2023/12/15 21:11,"Officials from the US Securities and Exchange Commission (SEC) met with three employees of BlackRock on Thursday to discuss the asset managerâs application to set up a spot Bitcoin Exchange Traded Fund (ETF), as per amemorandum released by the SECon Friday.","{'class': 'negative', 'polarity': -0.1, 'subjectivity': 0.6}"
116,2023/12/15 20:42,Bitcoinâs (BTC) price has surged impressively in the past three months thanks to optimism that a spot Bitcoin ETF could finally be approved in the US after years of rejection,"{'class': 'positive', 'polarity': 0.24, 'subjectivity': 0.61}"
117,2023/12/15 20:30,"Bitcoin spot ETF applicants will almost certainly be forced by regulators to adopt an âin-cashâ?redemption model for their fundâs shares, according to Bloomberg ETF analyst Eric Balchunas.\r\n\r\nWhen asked how negotiations between the Securities and Exchange Commission (SEC) and various fund...","{'class': 'negative', 'polarity': -0.13, 'subjectivity': 0.43}"
118,2023/12/15 20:25,"The Ledger connector vulnerability put the entire DeFi ecosystem at risk, with market experts asking users to remain cautious of using DApps even after Ledger released a patch.","{'class': 'neutral', 'polarity': 0.0, 'subjectivity': 0.62}"
119,2023/12/15 20:07,"The Financial Stability Oversight Council (FSOC) has renewed its calls for Congress to pass crypto legislation, according to their annual report released Thursday.","{'class': 'neutral', 'polarity': 0.0, 'subjectivity': 0.0}"
120,2023/12/15 19:43,"The Campaign for Accountability has renewed accusations that Circle's Cross Chain Transfer Protocol facilitates illicit crypto transfers, specifically calling out the risks of transfers to Tron.","{'class': 'neutral', 'polarity': 0.0, 'subjectivity': 0.0}"
121,2023/12/15 19:37,Ledger said that the situation is now under control and the threat has passed.,"{'class': 'neutral', 'polarity': 0.0, 'subjectivity': 0.0}"
122,2023/12/15 19:32,"Coinbase petitioned the SEC to develop dedicated crypto regulations, arguing that shoehorning digital assets into traditional securities law stifles innovation. The SEC asserted existing laws appropriately govern crypto and rejected Coinbase's request to prioritize crypto rules, however.","{'class': 'positive', 'polarity': 0.06, 'subjectivity': 0.49}"
123,2023/12/15 19:23,"A judge in Ontario, Canada has issued a warrant for the arrest of Ryan Rumble, an accomplice of Canadaâs self-proclaimed âcrypto-kingâ?Aiden Pleterski, for aiding the con artist in his years-long eight-figure crypto investment scam.\r\n\r\nA class action lawsuit launched earlier this year alleged...","{'class': 'negative', 'polarity': -0.01, 'subjectivity': 0.17}"
124,2023/12/15 19:04,The Red Bull Formula 1 team has dropped an exclusive NFT collection on the Sui blockchain after a dominant performance in the 2023 Formula 1 season.,"{'class': 'neutral', 'polarity': 0.0, 'subjectivity': 0.0}"
125,2023/12/15 19:03,"In the dynamic landscape of cryptocurrency, Bitcoin, the pioneering digital currency, has recently seen a downturn, slipping below the $43,000 threshold. This decline aligns with the broader crypto market, which witnessed a 0.25% drop in its global market cap, now standing at $1.61 trillion.","{'class': 'negative', 'polarity': -0.02, 'subjectivity': 0.1}"
126,2023/12/15 18:59,"inDAO, a specialized organization focused on incorporating blockchain technology into daily life, and Verida, a provider of self-sovereign digital identity solutions, have formed a partnership with the goal of promoting the widespread adoption of Web3 in Uzbekistan.","{'class': 'neutral', 'polarity': 0.0, 'subjectivity': 0.0}"
127,2023/12/15 18:45,"Bitcoin and select altcoins are witnessing profit-booking on rallies, increasing the likelihood of a short-term pullback.","{'class': 'neutral', 'polarity': 0.0, 'subjectivity': 0.0}"
128,2023/12/15 18:35,"Meetings between asset managers and the SEC intensified over the previous weeks, with Gary Genslerâs team meeting with BlackRock and Hashdex representatives.","{'class': 'negative', 'polarity': -0.13, 'subjectivity': 0.38}"
129,2023/12/15 18:05,"Bitcoin is a revolutionary tool for both investor diversification and cross-border currency exchange, says Franklin Templetonâs Sandy Kaul.","{'class': 'neutral', 'polarity': 0.0, 'subjectivity': 0.0}"
130,2023/12/15 18:03,"Mysten Labs, founded by five former Facebook engineers, is working on its Layer 1 blockchain Sui to revolutionize the ease of sending money and cryptocurrencies.","{'class': 'neutral', 'polarity': 0.0, 'subjectivity': 0.0}"
131,2023/12/15 18:00,A senior security engineer associated with an international technology company has pleaded guilty to computer fraud in connection with his hacking of two decentralized exchanges.,"{'class': 'negative', 'polarity': -0.25, 'subjectivity': 0.5}"
132,2023/12/15 17:59,"The Arbitrum One network stopped producing blocks at 10:29 am ET (13:29 UTC), according to an alert issued by the block explorer.","{'class': 'neutral', 'polarity': 0.0, 'subjectivity': 0.0}"
133,2023/12/15 17:56,"Ankex, Qredoâs cryptocurrency exchange spearheaded by former Genesis Trading CEO, Michael Moro, has shut down operations.","{'class': 'negative', 'polarity': -0.08, 'subjectivity': 0.14}"
134,2023/12/15 17:45,The Campaign for Accountability released a new open letter criticizing Circleâs Cross Chain Transfer Protocol.,"{'class': 'positive', 'polarity': 0.05, 'subjectivity': 0.32}"
135,2023/12/15 17:30,"Bitcoin is likely to reach $1 million quickly due to a 'torrent of money' coming from institutional investors in 2024, according to the JAN3 CEO.","{'class': 'negative', 'polarity': -0.06, 'subjectivity': 0.69}"
136,2023/12/15 16:52,Bitcoin bulls face a battle for support on multiple timeframes as BTC price action stays volatile.,"{'class': 'positive', 'polarity': 0.05, 'subjectivity': 0.05}"
137,2023/12/15 16:39,"Coinbase foresees Ethereum's continued dominance in smart contracts in 2024, defying Solana's allure. ","{'class': 'positive', 'polarity': 0.21, 'subjectivity': 0.64}"
138,2023/12/15 16:26,Members of the crypto community shared their sentiments about the Ledger Connect exploit a day after the hack.,"{'class': 'neutral', 'polarity': 0.0, 'subjectivity': 0.0}"
139,2023/12/15 16:19,"The ERC-3643 Ethereum Improvement Proposal reached its final stage, emerging as a recognized standard for tokenizing real-world assets.","{'class': 'neutral', 'polarity': 0.0, 'subjectivity': 0.5}"
140,2023/12/15 15:50,"Blockchain payment firm Ripple has rolled out a whitepaper on the state of Central Bank Digital Currencies (CBDCs), their utility in cross-border payments as well as challenges towards adoption in several jurisdictions.","{'class': 'negative', 'polarity': -0.05, 'subjectivity': 0.16}"
141,2023/12/15 15:42,"The Bitcoin (BTC) price has come under pressure on Friday, dipping 2% from around $43,000 to the low $42,000s in wake of hawkish commentary from a leading US Federal Reserve monetary policymaker John Williams.","{'class': 'neutral', 'polarity': 0.0, 'subjectivity': 0.3}"
142,2023/12/15 14:00,"Today in crypto: a new Bitcoin infrastructure boom may be coming to strengthen North American network and hashrate dominance, Marathon Digital plans to acquire rival Bitcoin miners, and more news!","{'class': 'positive', 'polarity': 0.19, 'subjectivity': 0.24}"
143,2023/12/15 13:49,The surge in volatility that followed the US Federal Reserveâs interest rate announcement on Wednesday caused some $48 million to be liquidated in 24 hours in the Bitcoin market.,"{'class': 'neutral', 'polarity': 0.0, 'subjectivity': 0.0}"
144,2023/12/15 13:48,"Investment firm cyber.Fund has committed $100 million to projects at the intersection of blockchain technology, artificial intelligence (AI), and the Internet of Things (IoT).","{'class': 'negative', 'polarity': -0.4, 'subjectivity': 0.7}"
145,2023/12/15 13:32,"Iris Energy will receive mining hardware orders from Bitmain in the first six months of 2024, taking its operational mining capacity above 10 EH/s.","{'class': 'positive', 'polarity': 0.12, 'subjectivity': 0.22}"
146,2023/12/15 13:31,SEC Chair Gensler acknowledged that the sole factor prompting a reconsideration of spot Bitcoin ETF approvals is the court ruling. ,"{'class': 'negative', 'polarity': -0.05, 'subjectivity': 0.42}"
147,2023/12/15 12:00,"Resolving recent systemic failures in the cryptocurrency ecosystem and the prospect of spot Bitcoin ETF approvals could drive Bitcoin to $100,000 in 2024.","{'class': 'neutral', 'polarity': 0.0, 'subjectivity': 0.25}"
148,2023/12/15 12:00,Bitcoin minersâ?revenue has reached all-time highs in part due to increased on-chain fees.,"{'class': 'negative', 'polarity': -0.12, 'subjectivity': 0.38}"
149,2023/12/15 11:47,Safemoon's liquidity pool was compromised resulting in a loss of almost $9 million earlier this year.,"{'class': 'neutral', 'polarity': 0.0, 'subjectivity': 0.5}"
150,2023/12/15 11:30,"Major auction house Sotheby's first inscription auction has been a success, closing with nearly $451,000 raised.","{'class': 'positive', 'polarity': 0.18, 'subjectivity': 0.31}"
151,2023/12/15 11:26,Asset manager First Trust has filed with the SEC for a Bitcoin buffer ETF intending to help investors mitigate risk by targeting downside protection.,"{'class': 'positive', 'polarity': 0.07, 'subjectivity': 0.47}"
152,2023/12/15 11:11,South Koreaâs central bank governor Lee Chang-yong is calling for action around central bank digital currencies (CBDC) which he says have become imperative and there is an urgency that can no longer be postponed.,"{'class': 'positive', 'polarity': 0.03, 'subjectivity': 0.15}"
153,2023/12/15 11:06,The digital asset market recorded positive developments throughout the year with significant institutional entries to the market in Q4 2023 as asset prices continue on an upward trajectory.,"{'class': 'positive', 'polarity': 0.2, 'subjectivity': 0.47}"
154,2023/12/15 9:56,"Stealth addresses in cryptocurrencies act like secret codes for transactions, providing enhanced privacy by generating unique addresses for each payment.","{'class': 'negative', 'polarity': -0.01, 'subjectivity': 0.85}"
155,2023/12/15 9:45,"Itâs been an excellent month for Cardano (ADA) holders, with the tokenâs price up over 84% since mid-November. Given the rapid price appreciation, AI model ChatGPT has weighed in on","{'class': 'positive', 'polarity': 1.0, 'subjectivity': 1.0}"
156,2023/12/15 9:41,Fifty-six percent of survey respondents said that the complexity of implementation is the largest hurdle to launching a crypto solution.,"{'class': 'neutral', 'polarity': 0.0, 'subjectivity': 0.0}"
157,2023/12/15 9:17,The mania for BONK continues to pump Solana-related tokens higher. ,"{'class': 'positive', 'polarity': 0.25, 'subjectivity': 0.5}"
158,2023/12/15 8:46,"Bitcoin stands to enjoy further relief if its standard relationship to DXY weakness holds firm, as the dollar shrinks on Fed 'pivot' bets.","{'class': 'positive', 'polarity': 0.05, 'subjectivity': 0.35}"
159,2023/12/15 8:45,"Irresistible arbitrage opportunity: Airdrop value exceeds phone cost, boosting Saga phone sales by 10x in 48 hours.","{'class': 'neutral', 'polarity': 0.0, 'subjectivity': 0.0}"
160,2023/12/15 7:18,"The U.S. SEC Chair Gary Gensler highlights the SEC's revised stance on spot Bitcoin ETF applications, following recent court decisions.","{'class': 'negative', 'polarity': -0.05, 'subjectivity': 0.39}"
161,2023/12/15 7:03,"Everyone generally assumes that Bitcoin and crypto markets will repeat previous cycles and commence a major bull run in 2024 and 2025, but some have questioned this.\xa0","{'class': 'negative', 'polarity': -0.02, 'subjectivity': 0.39}"
162,2023/12/15 6:04,"In the ever-shifting landscape of cryptocurrency, Bitcoin encounters resistance at the crucial $43,400 mark, forming a challenging double top pattern. This movement comes amid a backdrop of the Federal Reserve's nuanced monetary balancing act, which has sent ripples across financial markets globally.","{'class': 'positive', 'polarity': 0.17, 'subjectivity': 0.42}"
163,2023/12/15 5:31,"After Coinbase, Binance has announced to list hyped meme coin BONK under seed tag section. The trading for the Solana-based meme coin will open at 16:00 Beijing time.","{'class': 'neutral', 'polarity': 0.0, 'subjectivity': 0.5}"
164,2023/12/15 5:21,"At current prices, the free BONK airdrop for Saga owners stands at $877, making it â?at least temporarily â?a âphone that pays for itself.â?,Solana phone sales skyrocket as degens scramble for pumped-up BONK,https://cointelegraph.com/news/solana-phone-sales-surge-traders-seek-bonk-airdrop-opportunity
2023-12-15 05:14:00,{'class': 'positive'","{'class': 'positive', 'polarity': 0.03, 'subjectivity': 0.53}"
165,2023/12/15 5:00,A top Russian politician says that Moscow and Beijing could begin using their CBDCs â?the digital ruble and digital yuan â?to make payments as early as 2024.,"{'class': 'positive', 'polarity': 0.12, 'subjectivity': 0.16}"
166,2023/12/15 4:38,"The SEC chair could be softening his stance on Bitcoin ETFs following the Grayscale court victory, but if so, he hasnât admitted it outright.","{'class': 'negative', 'polarity': -0.05, 'subjectivity': 0.35}"
167,2023/12/15 4:31,Decentralized finance protocol SafeMoon has officially filed for Chapter 7 bankruptcy protection in the face of mounting allegations of fraud and mismanagement.,"{'class': 'neutral', 'polarity': 0.0, 'subjectivity': 0.0}"
168,2023/12/15 1:56,"The Safemoon token nosedived following the firm filing for bankruptcy protection, but has regained slightly since.","{'class': 'negative', 'polarity': -0.12, 'subjectivity': 0.22}"
169,2023/12/15 1:29,"Ben Horowitz, one of the firmâs founders, has pledged to support any politician that helps push crypto and AI technology forward.","{'class': 'negative', 'polarity': -0.2, 'subjectivity': 0.4}"
170,2023/12/15 1:16,Polemos co-founder Richard McLaren believes the future of blockchain gaming will involve gamers and developers renting out their in-game NFTs for profit.,"{'class': 'neutral', 'polarity': 0.0, 'subjectivity': 0.12}"
171,2023/12/15 0:30,Hong Kong-based firms have made the first âcross-borderâ?commodity payments with the Mainland Chinese digital yuan as the CBDC takes its first international steps.,"{'class': 'positive', 'polarity': 0.1, 'subjectivity': 0.13}"
172,2023/12/14 23:30,"According to Cyvers, the attacker caused malicious code to be inserted into multiple app user interfaces, allowing the exploiter to fool users into confirming transactions.","{'class': 'neutral', 'polarity': 0.0, 'subjectivity': 0.0}"
173,2023/12/14 23:30,Hardware wallet provider Ledger has warned users to avoid connecting to any supported decentralized applications (dApps) using its software due to a compromise in its Library ConnectKit.,"{'class': 'negative', 'polarity': -0.12, 'subjectivity': 0.38}"
174,2023/12/14 23:30,"The SECâs preferred model could adversely impact Grayscale by subjecting the fundâs early holders to large, premature capital gains taxes.\xa0","{'class': 'positive', 'polarity': 0.07, 'subjectivity': 0.44}"
175,2023/12/14 22:53,"McDermott foresees blockchain-based trading volumes rising in 1-2 years, with major market development expected in 3-5 years. ","{'class': 'negative', 'polarity': -0.02, 'subjectivity': 0.45}"
176,2023/12/14 21:59,Government policy and challenges getting projects online complicate energy policy and may have grave consequences.,"{'class': 'neutral', 'polarity': 0.0, 'subjectivity': 0.0}"
177,2023/12/14 21:44,Blue-chip cryptocurrency markets are mostly higher on Thursday as the crypto market benefits from macro tailwinds with US stocks pushing higher and US government bond yields and the US Dollar Index (DXY) dumping. Here are some of the biggest crypto gainers on Uniswap.,"{'class': 'positive', 'polarity': 0.25, 'subjectivity': 0.5}"
178,2023/12/14 21:37,"Bitcoin ETFs and the halving are overrated, but protodanksharding is something to look forward to, the bankâs analysts claimed.","{'class': 'neutral', 'polarity': 0.0, 'subjectivity': 0.0}"
179,2023/12/14 21:04,"Although the offer looks good on paper, it would give users far less than many feel they deserve.","{'class': 'positive', 'polarity': 0.28, 'subjectivity': 0.54}"
180,2023/12/14 20:54,"CEO and Chairman Pascal Gauthier says the company is working with law enforcement to 'find this bad actor, bring them to justice.'","{'class': 'negative', 'polarity': -0.7, 'subjectivity': 0.67}"
181,2023/12/14 20:11,"Four individuals have been charged by the Department of Justice for their alleged roles in a scheme designed to launder millions in proceeds of a cryptocurrency investment scam, according to a recently unsealed indictment.","{'class': 'negative', 'polarity': -0.05, 'subjectivity': 0.17}"
182,2023/12/14 19:27,"Bitcoin's recent price surge beyond $42,000 marks a significant turnaround in its market trajectory, particularly in light of dovish signals from the US Federal Reserve.","{'class': 'positive', 'polarity': 0.26, 'subjectivity': 0.61}"
183,2023/12/14 19:25,Anticipation grows as analysts forecasts 90% chance of SEC approving spot Bitcoin ETF by January 10. ,"{'class': 'negative', 'polarity': -0.1, 'subjectivity': 0.6}"
184,2023/12/14 19:18,"ADA, SOL and DOT are showing strong bullish momentum as Bitcoin price consolidates.","{'class': 'positive', 'polarity': 0.43, 'subjectivity': 0.73}"
185,2023/12/14 19:00,"Polygon zkEVM's projects will be able to access and leverage data from several premium aggregators, thereby expanding the DeFi landscape.","{'class': 'positive', 'polarity': 0.25, 'subjectivity': 0.31}"
186,2023/12/14 18:53,"Taurus, a Swiss crypto custody firm supported by Deutsche Bank, has entered into a partnership with Teylor, a fintech lending platform based in Zurich and specializing in the German SME marketplace.","{'class': 'negative', 'polarity': -0.1, 'subjectivity': 0.2}"
187,2023/12/14 18:48,The Commodity Futures Trading Commission has voted on a proposal to introduce a rule aimed at enhancing safeguards for individuals engaging in trades through a derivatives clearing organization.,"{'class': 'positive', 'polarity': 0.4, 'subjectivity': 0.7}"
188,2023/12/14 18:14,"Stronger-than-expected US November Retail Sales data released earlier on Thursday triggered a sudden near-$1,500 drop in Bitcoin from just under $43,000 to around $41,500, but the BTC price has since recovered aggressively as markets continue betting on a dovish pivot in Fed policy.","{'class': 'neutral', 'polarity': 0.0, 'subjectivity': 0.5}"
189,2023/12/14 17:45,"Following the demise of the popular crypto mixing protocol, Tornado Cash, the Bitcoin ecosystem has become a preferred avenue for discreet fund movement, according to research by blockchain analytics firm CertiK.","{'class': 'positive', 'polarity': 0.13, 'subjectivity': 0.47}"
190,2023/12/14 17:18,"Approval phishing scams are on the rise in the crypto space, with early $375 million stolen this year alone, according to new data from blockchain analytics firm, Chainalysis.","{'class': 'positive', 'polarity': 0.01, 'subjectivity': 0.38}"
191,2023/12/14 17:16,"Ordinals are inviting more value, fees, and data into every Bitcoin block, according to Glassnode's lead analyst. ","{'class': 'positive', 'polarity': 0.5, 'subjectivity': 0.5}"
192,2023/12/14 17:01,Crypto KYC solutions are advancing using emerging technology and blockchain analytics to drive adoptions and better user experience.,"{'class': 'positive', 'polarity': 0.5, 'subjectivity': 0.5}"
193,2023/12/14 16:49,Wallet provider MetaMask was also affected by the incident. Ledger released a patch to resolve the issue but warned users to wait 24 hours before using its connector library again.,"{'class': 'neutral', 'polarity': 0.0, 'subjectivity': 0.0}"
194,2023/12/14 16:10,Ledger has since attributed the exploit to a phishing attack on a former employee.,"{'class': 'neutral', 'polarity': 0.0, 'subjectivity': 0.0}"
195,2023/12/14 16:04,The Basel Committee for Banking Supervision (BCBS) wants to tighten rules to classify stablecoins as less risky assets than Bitcoin (BTC) and other unbacked cryptocurrencies.,"{'class': 'negative', 'polarity': -0.03, 'subjectivity': 0.18}"
196,2023/12/14 15:52,"Taipei Blockchain Week kicked off this week with around 2,000 people from the crypto community gathering on Thursday to hear industry players discuss blockchain trends ranging from Llayer 1's role in Web3's in 2024 to the future of decentralized finance (DeFi).","{'class': 'neutral', 'polarity': 0.0, 'subjectivity': 0.12}"
197,2023/12/14 15:50,"Rulematch focuses on traditional financial powerhouses, operating solely as a trading platform.","{'class': 'neutral', 'polarity': 0.0, 'subjectivity': 0.38}"
198,2023/12/14 15:35,"Bitcoin and altcoins are a sure-fire bet ahead of a 'great pivot' by the Fed on interest rates in 2024, Hayes believes.","{'class': 'positive', 'polarity': 0.8, 'subjectivity': 0.75}"
199,2023/12/14 15:33,"The hacker behind the attack on Ledgerâs connector library has stolen at least $484,000, according to blockchain analysis platform Lookonchain.","{'class': 'negative', 'polarity': -0.35, 'subjectivity': 0.55}"
200,2023/12/14 14:35,"As Turkey prepares for new legislation in the crypto sector, major banking institutions in the country are making moves to secure their positions in the digital asset space.","{'class': 'positive', 'polarity': 0.15, 'subjectivity': 0.39}"
201,2023/12/14 14:33,"Crypto prices have turned green this week after a brief pullback, with market leaders like Bitcoin and Ethereum up 4.17% and 4.69% today and other cryptos like Cardano, Internet Computer,","{'class': 'negative', 'polarity': -0.11, 'subjectivity': 0.34}"
202,2023/12/14 14:18,"The cryptocurrency industry is on the brink of a transformative shift in Anti-Money Laundering (AML) compliance, a change propelled by the recent landmark fine imposed on Binance and its CEO, Changpeng Zhao.","{'class': 'positive', 'polarity': 0.21, 'subjectivity': 0.38}"
203,2023/12/14 14:10,Suspected losses in approval phishing for 2023 alone amount to at least $374 million.,"{'class': 'negative', 'polarity': -0.3, 'subjectivity': 0.4}"
204,2023/12/14 14:02,The price of bitcoin went on a rollercoaster amid the news about Ledger's vulnerability. ,"{'class': 'neutral', 'polarity': 0.0, 'subjectivity': 0.0}"
205,2023/12/14 14:01,Blockstream CEO Adam Back says 2023 presented a unique investment opportunity with Bitcoinâs price doubling amid low ASIC miner prices on secondary markets.,"{'class': 'positive', 'polarity': 0.02, 'subjectivity': 0.4}"
206,2023/12/14 14:01,"The rise in El Salvadorâs bond prices âalmost defies gravity,â?and it may soon have access to Eurobond markets, said Santander Bank.","{'class': 'neutral', 'polarity': 0.0, 'subjectivity': 0.0}"
207,2023/12/14 14:00,"Today in crypto: Immutable zkEVM will enable game developers to âeliminate the very concept of gas fees,â?Lufthansa partners with blockchain-based B2B marketplace qiibee, and more news!","{'class': 'positive', 'polarity': 0.14, 'subjectivity': 0.4}"
208,2023/12/14 14:00,"According to on-chain analytics firm Chainalysis, romance scammers increasingly use this method to steal their victimâs hard-earned crypto.","{'class': 'negative', 'polarity': -0.14, 'subjectivity': 0.23}"
209,2023/12/14 14:00,Ava Labs' said that users of its Core app will be able to create a wallet and multi-chain seed phrase with their Gmail.,"{'class': 'positive', 'polarity': 0.5, 'subjectivity': 0.62}"
210,2023/12/14 13:52,"A vulnerability has been identified in Ledger's library, compromising a number of Web3 interactions. ","{'class': 'neutral', 'polarity': 0.0, 'subjectivity': 0.0}"
211,2023/12/14 13:47,"Argentina's newly elected libertarian president, Javier Milei, has devalued the nation's currency, the peso, by over 50% and received praise from the IMF for his plans.","{'class': 'positive', 'polarity': 0.14, 'subjectivity': 0.45}"
212,2023/12/14 13:45,"Multiple popular decentralized applications (dApps) have been compromised following a hack against a popular Web3 connector on Wednesday, numerous software experts confirmed on Thursday.\r\n\r\nâDo not interact with ANY dApps until further notice,â?warned Matthew Lilley, CTO of SushiSwap, in a post...","{'class': 'positive', 'polarity': 0.23, 'subjectivity': 0.56}"
213,2023/12/14 13:38,Blockchain tokenization provides an alternative means for SMEs to raise capital and liquidity while building diversified investment opportunities.,"{'class': 'neutral', 'polarity': 0.0, 'subjectivity': 0.0}"
214,2023/12/14 13:25,"Multiple decentralized applications using Ledger's connector library have been compromised, including SushiSwap and Revoke.cash,","{'class': 'neutral', 'polarity': 0.0, 'subjectivity': 0.0}"
215,2023/12/14 13:11,"Toronto Stock Exchange owner TMX is finalizing the purchase of VettaFi, an ETF tool that lists blockchain and cryptocurrency-themed ETFs, including the VanEck Digital Transformation ETF.","{'class': 'neutral', 'polarity': 0.0, 'subjectivity': 0.0}"
216,2023/12/14 12:50,Data shared by CertiK showed that a third of the losses from 50 of the largest crypto exploits in 2023 ended up in the Bitcoin network.,"{'class': 'neutral', 'polarity': 0.0, 'subjectivity': 0.0}"
217,2023/12/14 12:49,The Philippine Securities and Exchange Commission (SEC) has clarified the issues raised over the former advisory to the effect that any unregistered platform will be banned after three months.,"{'class': 'negative', 'polarity': -0.05, 'subjectivity': 0.3}"
218,2023/12/14 12:25,Some crypto-linked ETFs like the VanEck Digital Transformation ETF and Global X Blockchain ETF have surged as much as 200% and higher in 2023.,"{'class': 'positive', 'polarity': 0.11, 'subjectivity': 0.17}"
219,2023/12/14 11:56,"SEC Chair Gary Gensler appeared reluctant to discuss cryptocurrency during a meeting focused on the U.S. Treasury market, evading a reporter's question regarding the status of spot bitcoin ETF applications.","{'class': 'negative', 'polarity': -0.1, 'subjectivity': 0.6}"
220,2023/12/14 11:29,Invesco and Galaxy Digital may have to wait till February 2024 to know if the SEC will approve or not their joint spot Ethereum ETF application. ,"{'class': 'negative', 'polarity': -0.05, 'subjectivity': 0.3}"
221,2023/12/14 11:00,"Illiquid tangible goods are turning into traded and divided assets with blockchain-based asset tokenization, and bonds might be next in line.","{'class': 'neutral', 'polarity': 0.0, 'subjectivity': 0.0}"
222,2023/12/14 10:30,The management team of the blockchain chess game Immortal Game has decided to kill off the NFT and P2E features. The reason: widespread cheating.,"{'class': 'negative', 'polarity': -0.4, 'subjectivity': 0.4}"
223,2023/12/14 10:10,Decentralized finance (DeFi) protocols Yearn.finance has called on arbitrage traders to return excess profits they accrued as a result of a multi-signature scripting error that led to a $1.4 million drain.,"{'class': 'neutral', 'polarity': 0.0, 'subjectivity': 0.0}"
224,2023/12/14 9:47,"Ethereum's co-founder, Vitalik Buterin, proposes the enshrined ZK-EVM, aiming to significantly boost the main chain's efficiency and capabilities.","{'class': 'positive', 'polarity': 0.27, 'subjectivity': 0.6}"
225,2023/12/14 9:28,The IMF Chief Kristalina Georgieva acknowledged that the increase in crypto adoption could âundermine macro-financial stability.â?IMF Head Urges For Clear Rules and Infrastructure to Curb Crypto Risks,"{'class': 'neutral', 'polarity': 0.0, 'subjectivity': 0.0}"
226,2023/12/14 9:20,"Bitcoin traders' cold feet subsides as BTC price strength takes the market back to $43,000.","{'class': 'negative', 'polarity': -0.3, 'subjectivity': 0.5}"
227,2023/12/14 9:00,Cronos Labs claims the new chain is the first public testnet utilizing the ZK Stack framework.,"{'class': 'positive', 'polarity': 0.13, 'subjectivity': 0.28}"
228,2023/12/14 8:48,Solana-based meme coin BONK has gained more than 45% in the past 24 hours following the announcement of its listing on prominent exchange Coinbase.,"{'class': 'positive', 'polarity': 0.19, 'subjectivity': 0.46}"
229,2023/12/14 8:16,"The digital currency landscape is abuzz as Bitcoin's price soars to $42,777, marking a significant 4% increase on Thursday. This rally is buoyed by a wave of optimism following the Federal Reserve's latest FOMC meeting.","{'class': 'positive', 'polarity': 0.22, 'subjectivity': 0.47}"
230,2023/12/14 8:16,"Tapping into underlying blockchain infrastructure, Nodleâs Click application allows users to authenticate media content for various use cases.","{'class': 'neutral', 'polarity': 0.0, 'subjectivity': 0.5}"
231,2023/12/14 7:34,Crypto investment firm Bitwise has made a number of predictions for the coming year and one of them is a new all-time high for Bitcoin prices.,"{'class': 'positive', 'polarity': 0.03, 'subjectivity': 0.46}"
232,2023/12/14 6:37,The U.S. SEC has pushed its decision on Invesco Galaxy's spot Ethereum ETF application to February 2024.,"{'class': 'negative', 'polarity': -0.1, 'subjectivity': 0.6}"
233,2023/12/14 6:33,Gemini Earn creditors could potentially face up to 70% reduction in their promised crypto payouts as part of a proposed reorganization plan.,"{'class': 'neutral', 'polarity': 0.0, 'subjectivity': 1.0}"
234,2023/12/14 5:59,The Russian Ministry of Finance has presented the idea of exporting cryptocurrencies as a product of mining activities.,"{'class': 'neutral', 'polarity': 0.0, 'subjectivity': 0.0}"
235,2023/12/14 5:35,"It has been a wild ride for Dogecoin (DOGE) in 2023, with the worldâs largest meme coin experiencing several peaks and troughs. Despite the lack of price stability, AI model","{'class': 'positive', 'polarity': 0.05, 'subjectivity': 0.2}"
236,2023/12/14 5:12,"With the expectation of further rate cuts heading into 2024, analysts say this could be a 'positive boost' for crypto stocks and investment products.","{'class': 'positive', 'polarity': 0.11, 'subjectivity': 0.52}"
237,2023/12/14 5:12,"The US crypto landscape remains in limbo as the ongoing ""turf war"" over jurisdiction between the CFTC and SEC persists.","{'class': 'negative', 'polarity': -0.1, 'subjectivity': 0.6}"
238,2023/12/14 5:06,"Under the proposed plan, Gemini Earn users may only recover 61% of their lost funds in a worst-case scenario.","{'class': 'neutral', 'polarity': 0.0, 'subjectivity': 1.0}"
239,2023/12/14 5:00,The crypto exchange giant Coinbase says that Brazil has âbecome a central focusâ?in its âglobal growth strategy.â?Brazil Expansion Is âCentral Focusâ?for Coinbase,"{'class': 'neutral', 'polarity': 0.0, 'subjectivity': 0.42}"
240,2023/12/14 4:35,"Bitwise's senior research analyst, Ryan Rasmussen, predicted a new all-time high for Bitcoin price next year, surpassing $80,000.","{'class': 'positive', 'polarity': 0.1, 'subjectivity': 0.33}"
241,2023/12/14 4:30,"The SEC is pushing Bitcoin ETF issuers down the cash create route for creation and redemptions, but BlackRock has other ideas.","{'class': 'negative', 'polarity': -0.13, 'subjectivity': 0.42}"
242,2023/12/14 3:27,"The rules allow crypto-holding companies to now report their paper gains, not just losses, which industry observers say could give more firms confidence to buy.","{'class': 'positive', 'polarity': 0.5, 'subjectivity': 0.5}"
243,2023/12/14 1:54,Bitwise isnât alone in its bullishness on stablecoins with Circle CEO Jeremy Allaire predicting the explosive growth of the sector due to a âhuge appetiteâ?for digital dollars.,"{'class': 'positive', 'polarity': 0.09, 'subjectivity': 0.42}"
244,2023/12/14 0:30,"Russian industrial miners may be given the right to sell cryptoassets as âexport products,â?the nationâs finance ministry said.","{'class': 'positive', 'polarity': 0.14, 'subjectivity': 0.27}"
245,2023/12/14 0:09,A Yearn contributor said the value lost came from âstrictly protocol owned liquidityâ?in the protocolâs treasury and that customer funds werenât impacted.,"{'class': 'neutral', 'polarity': 0.0, 'subjectivity': 0.0}"
246,2023/12/14 0:06,"Though market corrections and leverage-driven wipeouts will occur, Will Clemente says Bitcoinâs on-chain indicators show bullish times are ahead..","{'class': 'neutral', 'polarity': 0.0, 'subjectivity': 0.0}"
247,2023/12/13 23:30,"Leading Bitcoin timechain technology firm Blockstream has announced the successful completion of its Series 1 Blockstream ASIC (BASIC) Note raise, securing an impressive $5.07 million.","{'class': 'positive', 'polarity': 0.39, 'subjectivity': 0.62}"
248,2023/12/13 23:13,"Project Diamond's introductory phase is exclusively accessible to international institutional users, as confirmed by Coinbase.","{'class': 'positive', 'polarity': 0.26, 'subjectivity': 0.46}"
249,2023/12/13 23:11,"Customer deposits at sibling crypto exchanges HTX and Poloniex are â?00% safeâ?despite multiple recent hacks, according to Justin Sun â?the owner of both platforms.\r\n\r\nIn conversation with CoinDesk, said that both platforms have recovered from the hack, and have already resumed user withdrawals...","{'class': 'positive', 'polarity': 0.17, 'subjectivity': 0.25}"
250,2023/12/13 22:20,"The rule takes effect roughly a year from now, but corporations may leverage the new accounting standard well before then.","{'class': 'positive', 'polarity': 0.01, 'subjectivity': 0.28}"
251,2023/12/13 22:00,"Immutableâs blockchain protocol will allow the game studio to cut out gas fees for users, which is widely cited as a significant barrier to Web3 gaming adoption.","{'class': 'negative', 'polarity': -0.04, 'subjectivity': 0.56}"
252,2023/12/13 21:49,"Bipartisan support expands for applying anti-money laundering rules to crypto as CFTC Chairman classifies tokens as commodities, not securities. Meanwhile Republican lawmaker slams SEC's lack of clear crypto regulation and India signals gradual approach to crafting digital asset legislation.","{'class': 'positive', 'polarity': 0.0, 'subjectivity': 0.33}"
253,2023/12/13 21:44,Bitcoin proves its value as an inflation hedge and store of value by hitting repeat all-time highs in multiple currencies.,"{'class': 'positive', 'polarity': 0.15, 'subjectivity': 0.0}"
254,2023/12/13 21:30,The commission had until Dec. 23 to decide or punt on approval or disapproval for the spot crypto investment vehicle.,"{'class': 'neutral', 'polarity': 0.0, 'subjectivity': 0.0}"
255,2023/12/13 21:28,One clear winner is emerging in the race for stablecoin dominance and some have suggested it could be the equivalent of a global CBDC.\xa0,"{'class': 'positive', 'polarity': 0.05, 'subjectivity': 0.19}"
256,2023/12/13 21:19,"Bitcoin, the pioneering and most prominent cryptocurrency, has recently faced a downward trend, slipping below $42,000 earlier this week. This decline, accentuated by the release of the latest US Consumer Price Index (CPI) numbers, raises questions about the asset's short-term trajectory.","{'class': 'positive', 'polarity': 0.23, 'subjectivity': 0.54}"
257,2023/12/13 21:07,"A subsidiary of the Bahrain-based Bitcoin exchange, CoinMENA FZE, has been granted a Virtual Asset Service Provider (VASP) license by Dubai's Virtual Asset Regulatory Authority (VARA).","{'class': 'neutral', 'polarity': 0.0, 'subjectivity': 0.0}"
258,2023/12/13 20:39,"The Bitcoin (BTC) price is pumping on Wednesday amid a dovish reaction across traditional asset markets to the US Federal Reserveâs latest policy announcement.\xa0BTC was last up 3.2% on the day and trading in the upper $42,000s, with bulls eyeing a near-term retest of yearly highs printed earlier in the month in the upper $44,000s.","{'class': 'positive', 'polarity': 0.08, 'subjectivity': 0.37}"
259,2023/12/13 20:13,"Coinbase announced the launch of spot trading for non-US investors on its international exchange on Wednesday, marking the latest phase of the companyâs global expansion.","{'class': 'positive', 'polarity': 0.17, 'subjectivity': 0.3}"
260,2023/12/13 20:02,"The new project may eventually allow users to restore their accounts using a simple fingerprint or facial scan, developers stated.","{'class': 'positive', 'polarity': 0.05, 'subjectivity': 0.27}"
261,2023/12/13 20:00,NFT platform Enjin migrated 200 million NFTs from Ethereum and a sidechain to its blockchain network.,"{'class': 'neutral', 'polarity': 0.0, 'subjectivity': 0.0}"
262,2023/12/13 19:57,"Despite the recent COIN sales, the stock still makes up a substantial percentage of the firmâs holdings.","{'class': 'negative', 'polarity': -0.1, 'subjectivity': 0.33}"
263,2023/12/13 18:38,"Worldcoin has introduced an updated version of its World ID feature, known as âWorld ID 2.0.â?,Worldcoin Unveils Integrations With Minecraft","{'class': 'neutral', 'polarity': 0.0, 'subjectivity': 0.0}"
264,2023/12/13 18:31,The NFT arm of messaging app LINE has raised $140 million in investment to âpopularize the Web3 ecosystem.â?Messaging App LINE Secures $140 Million for Expansion of NFT Platform,"{'class': 'neutral', 'polarity': 0.0, 'subjectivity': 0.0}"
265,2023/12/13 18:24,"Bitcoin and altcoins are trying to find support at lower levels, indicating that the sentiment remains positive, and that traders are buying the dips.","{'class': 'positive', 'polarity': 0.23, 'subjectivity': 0.55}"
266,2023/12/13 18:20,"The United States Securities and Exchange Commission (SEC) has finally served Helsinki-based cryptocurrency developer Richard Heart with a lawsuit filed in July, according to a new court document.","{'class': 'positive', 'polarity': 0.01, 'subjectivity': 0.68}"
267,2023/12/13 18:17,Memecoins are a gamble â\xa0and they're almost always scams. What motivates crypto buyers to continue losing their money for bad reasons?,"{'class': 'negative', 'polarity': -0.7, 'subjectivity': 0.67}"
268,2023/12/13 18:17,Bitcoin's yearly high at $44.5k catalyzed the third most substantial decline of 2023 in the crypto's value.,"{'class': 'positive', 'polarity': 0.22, 'subjectivity': 0.35}"
269,2023/12/13 18:07,"Itâs not just crypto: old-fashioned banknotes have a noticeable energy footprint worth reducing, according to the European Central Bank (ECB).\r\n\r\nIn a newly published report, the central bank outlined how the elaborate physical infrastructure used to support eurozone cash can affect the...","{'class': 'positive', 'polarity': 0.13, 'subjectivity': 0.31}"
270,2023/12/13 18:00,Both in-game Checkmate token rewards and NFT gameplay modes will be disabled.,"{'class': 'negative', 'polarity': -0.2, 'subjectivity': 0.3}"
271,2023/12/13 17:30,The amount allocated is down from a budget of $40 million in 2023.,"{'class': 'negative', 'polarity': -0.16, 'subjectivity': 0.29}"
272,2023/12/13 17:08,"The new digital wallet is compatible with the World Wide Web Consortium (W3C), an international standards organization for the World Wide Web.","{'class': 'negative', 'polarity': -0.01, 'subjectivity': 0.25}"
273,2023/12/13 17:00,"From Legacy Transfer to and advanced Web3 Firewall, this self-custodial wallet makes crypto ownership more convenient and secure.","{'class': 'positive', 'polarity': 0.43, 'subjectivity': 0.57}"
274,2023/12/13 17:00,"The Iota Foundation wants to capitalize on institutional demand for real-world assets tokenization, which reached $342 billion in September, according to VanEck data.","{'class': 'positive', 'polarity': 0.2, 'subjectivity': 0.1}"
275,2023/12/13 16:31,The Coinbase launch enables institutional international investors to engage in trading Bitcoin and Ether against the USDC stablecoin.,"{'class': 'neutral', 'polarity': 0.0, 'subjectivity': 0.0}"
276,2023/12/13 16:13,Wikipedia co-founder Jimmy Wales criticized Bitcoin (BTC) on the asset losses when users forget their wallet passwords against the reality of centralized finance sparking wide controversy among crypto enthusiasts.,"{'class': 'negative', 'polarity': -0.1, 'subjectivity': 0.4}"
277,2023/12/13 16:08,"US companies that hold crypto will be required to record their tokens at the most up-to-date or âfair valueâ? according to the first set of crypto accounting rules issued by the US Financial Accounting Standards Board (FASB), and crypto prices are pushing higher as a result.","{'class': 'positive', 'polarity': 0.34, 'subjectivity': 0.45}"
278,2023/12/13 15:00,Coti will look to provide privacy-focused functionality to the Ethereum ecosystem as a new layer-2 protocol.,"{'class': 'positive', 'polarity': 0.14, 'subjectivity': 0.45}"
279,2023/12/13 15:00,The launch of COTIâs new protocol is driven by the lack of privacy and confidentiality on all layers of the public blockchain.,"{'class': 'positive', 'polarity': 0.07, 'subjectivity': 0.26}"
280,2023/12/13 14:19,Bitcoin traders eye BTC price levels of interest as U.S. PPI preserves declining inflation narrative ahead of Fed rates decision.,"{'class': 'neutral', 'polarity': 0.0, 'subjectivity': 0.0}"
281,2023/12/13 14:10,"Despite Bitcoin trading below its 2023 high and struggling to stay above the $41,000 mark, derivatives data suggests traders remain optimistic.","{'class': 'positive', 'polarity': 0.08, 'subjectivity': 0.32}"
282,2023/12/13 14:03,"The top 20 SATS holders collectively hold tokens valued at $150.8 million, constituting almost 16% of the total token supply.","{'class': 'positive', 'polarity': 0.25, 'subjectivity': 0.62}"
283,2023/12/13 14:00,"Today in crypto: Sam Bankman-Fried's lawyer said his client is 'the worst person' he's ever seen do a cross-examination, Bitfinex analysts commented on the potential impact of the US Fed's rate hike pause, and more news!","{'class': 'negative', 'polarity': -0.12, 'subjectivity': 0.83}"
284,2023/12/13 13:45,Crypto exchange liquidity hinges on market depth and incentivized trading to ensure robust and stable trading environments.,"{'class': 'neutral', 'polarity': 0.0, 'subjectivity': 0.0}"
285,2023/12/13 13:38,Three Arrows Capitalâs (3AC) co-founder Su Zhu was probed in a Singapore court for the first time about the companyâs collapse as prosecutors intensified efforts to recover funds belonging to creditors.,"{'class': 'positive', 'polarity': 0.25, 'subjectivity': 0.33}"
286,2023/12/13 13:24,"The DAO-centric event took place in Athens, Greece over two days and focused on everything from governance and legal issues to community building and security.","{'class': 'positive', 'polarity': 0.2, 'subjectivity': 0.2}"
287,2023/12/13 13:20,Nym co-founder Harry Halpin and security and hardware consultant Chelsea Manning chat with The Agenda about privacy and the benefits of a decentralized VPN.,"{'class': 'neutral', 'polarity': 0.0, 'subjectivity': 0.0}"
288,2023/12/13 13:00,More than a third of survey respondents believed the blockchain gaming industry benefited most from traditional game studios adopting Web3 tech in 2023.,"{'class': 'positive', 'polarity': 0.12, 'subjectivity': 0.43}"
289,2023/12/13 12:51,"Su Zhu, apprehended in Singapore for non-cooperation with liquidation, expected to be released this month.","{'class': 'negative', 'polarity': -0.1, 'subjectivity': 0.4}"
290,2023/12/13 12:45,"Blockchain intelligence firm TRM Labs credits this decline to several critical factors, including enhanced security measures, law enforcement and industry coordination.","{'class': 'negative', 'polarity': -0.07, 'subjectivity': 0.4}"
291,2023/12/13 12:37,"Bitcoin (BTC) has fallen sharply in the past few days, dropping below $42,000 as investors begin to take profits. This pullback brings Bitcoin back to the same level it was","{'class': 'negative', 'polarity': -0.11, 'subjectivity': 0.25}"
292,2023/12/13 12:20,Three Arrows Capital co-founder Su Zhu has faced his first interrogation in a Singapore court and is reportedly set to be released soon.,"{'class': 'positive', 'polarity': 0.25, 'subjectivity': 0.33}"
293,2023/12/13 11:49,Nasdaq is set to leverage the technology it developed for its cryptocurrency venture to expand into emerging markets.,"{'class': 'positive', 'polarity': 0.1, 'subjectivity': 0.3}"
294,2023/12/13 11:47,Binance reaffirmed its position to dismiss the SEC lawsuit on Tuesday in response to a motion filed by the SEC last week.,"{'class': 'negative', 'polarity': -0.07, 'subjectivity': 0.42}"
295,2023/12/13 11:40,"'Open your wallets and be ready to buy exclusive data,' the hackers wrote.","{'class': 'positive', 'polarity': 0.1, 'subjectivity': 0.5}"
296,2023/12/13 11:36,"Latin Americaâs established market demand, policy support and widespread dollar usage make the region a natural fit for broader stablecoin adoption.","{'class': 'positive', 'polarity': 0.25, 'subjectivity': 0.4}"
297,2023/12/13 10:42,"Mike Novogratz, a prominent investor in the cryptocurrency space and a long-time supporter of Joe Biden, is set to fundraise for Representative Dean Phillips, a Democratic primary challenger to the president.","{'class': 'positive', 'polarity': 0.45, 'subjectivity': 0.75}"
298,2023/12/13 10:41,"BTC proponents argued to Jimmy Wales that banks might work, but theyâre not available to everyone and that storing BTC personally and storing fiat via banks are two different things.","{'class': 'negative', 'polarity': -0.07, 'subjectivity': 0.43}"
299,2023/12/13 10:16,The OKX DEX suffered an exploit resulting in a loss of around $2.7 million worth in cryptocurrencies after a proxy admin upgraded a contract that allowed a hacker to compromise the private key.,"{'class': 'positive', 'polarity': 0.1, 'subjectivity': 0.49}"
300,2023/12/13 10:00,"M2âs Founder and M2âs CEO shared their insights on how to build a secure and regulated crypto investment platform, combining TradFi's best practices with crypto's innovative potential.","{'class': 'positive', 'polarity': 0.47, 'subjectivity': 0.72}"
301,2023/12/13 9:55,BTC price weakness clearly makes speculators nervous as single-day selling pressure hits its highest since after the Terra LUNA collapse.,"{'class': 'positive', 'polarity': 0.1, 'subjectivity': 0.38}"
302,2023/12/13 9:20,Dfinity founder and chief scientist Dominic Williams told Cointelegraph that blockchain networks can support the creation of trustless infrastructure that incentivizes climate positive action.,"{'class': 'positive', 'polarity': 0.16, 'subjectivity': 0.32}"
303,2023/12/13 9:14,"Howard Lutnick, the CEO of Cantor Fitzgerald says he is a fan of Bitcoin (BTC) citing the halving cycle and its decentralized nature as reasons behind the widespread popularity.","{'class': 'negative', 'polarity': -0.4, 'subjectivity': 0.7}"
304,2023/12/13 9:06,"In recent days, four prominent Bitcoin exchange-traded fund (ETF) issuers have engaged in meetings with the Securities and Exchange Commission (SEC).","{'class': 'positive', 'polarity': 0.13, 'subjectivity': 0.62}"
305,2023/12/13 9:00,"In the ever-evolving realm of cryptocurrency, Bitcoin's price dynamics remain a focal point for investors and market analysts. Currently trading at $41,001, Bitcoin has seen a decrease of over 2% as of Wednesday, reflecting a phase of volatility, particularly as the market anticipates the upcoming Federal Open Market Committee (FOMC) meeting.","{'class': 'positive', 'polarity': 0.06, 'subjectivity': 0.41}"
306,2023/12/13 8:58,"AllUnity, a new joint venture by DWS, Galaxy and Flow Traders, plans to issue the euro stablecoin on all major public permissionless L1s and L2s, DeFi use cases.","{'class': 'positive', 'polarity': 0.07, 'subjectivity': 0.34}"
307,2023/12/13 8:47,"Former U.S. President Donald Trump unveils new âMugShotâ?edition NFT collection, recalling his previous arrest.","{'class': 'negative', 'polarity': -0.02, 'subjectivity': 0.16}"
308,2023/12/13 8:35,"Aptos released over $200 million worth APT tokens, constituting 8.9% of its circulating supply today.","{'class': 'positive', 'polarity': 0.45, 'subjectivity': 0.55}"
309,2023/12/13 8:33,"Line Next will use a part of the $140 million fund to introduce new Web3-focused services, which include a social app that uses AI-generated characters and Web3 games.","{'class': 'positive', 'polarity': 0.06, 'subjectivity': 0.17}"
310,2023/12/13 7:57,"The attack, however, was stopped before serious damage could occur. ","{'class': 'negative', 'polarity': -0.33, 'subjectivity': 0.67}"
311,2023/12/13 7:17,American credit ratings firm S&P Global Inc. said it has started assessing the ability of Tether (USDT) to maintain its peg to the U.S. dollar marking it at a âconstrainedâ?rating of 4.,"{'class': 'negative', 'polarity': -0.07, 'subjectivity': 0.13}"
312,2023/12/13 6:40,"IRS Criminal Investigation unveils top crypto-related fraud cases of 2023, highlighting key enforcement actions in digital asset space.","{'class': 'positive', 'polarity': 0.02, 'subjectivity': 0.51}"
313,2023/12/13 6:10,The United States has seized digital currency valued at approximately half a million dollars from an account registered to a Chinese individual who was implicated in a crypto-investment fraud scheme.,"{'class': 'negative', 'polarity': -0.11, 'subjectivity': 0.21}"
314,2023/12/13 5:36,"OKX DEX, a decentralized exchange and cross-chain bridge aggregator, has been exploited, with some wallets authorized to the platform losing around $400,000.","{'class': 'neutral', 'polarity': 0.0, 'subjectivity': 0.0}"
315,2023/12/13 5:27,Cantor Fitzgerald has been managing Tetherâs now $90 billion Treasury portfolio since late 2021.,"{'class': 'negative', 'polarity': -0.3, 'subjectivity': 0.6}"
316,2023/12/13 5:10,"Key challenges in Bankman-Fried's defense exposed by David Mills, shedding light on missteps and personal ties in FTX fraud trial. ","{'class': 'positive', 'polarity': 0.13, 'subjectivity': 0.67}"
317,2023/12/13 5:00,"More Russians are rejecting cash in favor of ânon-cashâ?payments, a study has found â?as crypto adoption increases and the nation prepares for a CBDC launch.","{'class': 'positive', 'polarity': 0.5, 'subjectivity': 0.5}"
318,2023/12/13 3:38,El Salvadorâs National Bitcoin Office says it's already received âmany dozens of applicationsâ?for the countryâs new Freedom visa.,"{'class': 'positive', 'polarity': 0.32, 'subjectivity': 0.48}"
319,2023/12/13 2:43,"High network congestion on Bitcoin has prompted the revival of an old, nearly forgotten scaling solution that makes BTC transactions fast, private, and cheap.\r\n\r\nAccording to data from mempool.space, the Liquid Network has experienced some of its highest transaction volumes in years over the...","{'class': 'positive', 'polarity': 0.25, 'subjectivity': 0.53}"
320,2023/12/13 0:30,The Brazilian neobanking unicorn Nubank will begin allowing its customers to make crypto withdrawals from its platform â?following a deal that will let them trade USD Coin (USDC).,"{'class': 'neutral', 'polarity': 0.0, 'subjectivity': 0.1}"
321,2023/12/13 0:10,BlackRock said the new ETF model offers 'superior resistanceâ?to market manipulation â?something the SEC has long used as a reason to reject spot Bitcoin ETFs.,"{'class': 'positive', 'polarity': 0.16, 'subjectivity': 0.47}"
322,2023/12/13 0:01,Web3 gaming has remained unfazed by the bear season. But how does the expected bull run impact interest in blockchain-based games?,"{'class': 'negative', 'polarity': -0.1, 'subjectivity': 0.4}"
323,2023/12/12 23:11,More than half of consumers in Latin America have already engaged in transactions involving cryptoassets.,"{'class': 'positive', 'polarity': 0.17, 'subjectivity': 0.33}"
324,2023/12/12 23:02,"In another crackdown against crypto criminals, the U.S. Department of Justice (DOJ) has charged two middle-aged men with stealing over $25 million from victims in a so-called âcryptocurrency Ponzi scheme.â\r\n\r\nCiting court documents, the DOJ accused David Gilbert Saffron of Australia and Vincent...","{'class': 'neutral', 'polarity': 0.0, 'subjectivity': 0.0}"
325,2023/12/12 21:47,"Bitcoin bulls expectations of $50,000 and higher remain feasible according to BTC futures and options markets.","{'class': 'positive', 'polarity': 0.25, 'subjectivity': 0.5}"
326,2023/12/12 21:35,"Seamless Protocol, a prominent lending and borrowing platform on the layer-2 blockchain, boasts a TVL exceeding $10 million.\r\n","{'class': 'positive', 'polarity': 0.3, 'subjectivity': 0.55}"
327,2023/12/12 21:14,"The worldâs second-largest crypto protocol Ethereum network, is reported to consume 28 times less energy than the American Express business, according to a recent report from the University of Cambridge.","{'class': 'negative', 'polarity': -0.06, 'subjectivity': 0.11}"
328,2023/12/12 20:41,"Avalancheâs market cap has grown by 340% since October, and AVAX price has followed.","{'class': 'neutral', 'polarity': 0.0, 'subjectivity': 0.0}"
329,2023/12/12 20:37,"As the US announces its latest core inflation rate data, investors and traders alike are keenly focused on its implications for the cryptocurrency market, particularly Bitcoin (BTC).\xa0\xa0The world's largest cryptocurrency, BTC, extended its upward trend and briefly surged to $42,069 in response to the November US CPI data release.","{'class': 'positive', 'polarity': 0.22, 'subjectivity': 0.52}"
330,2023/12/12 20:30,'Never surrender!' the former U.S. President wrote.,"{'class': 'neutral', 'polarity': 0.0, 'subjectivity': 0.0}"
331,2023/12/12 20:30,The KuCoin crypto exchange is set to shutter its operations in the 'Big Apple' following an agreement with the Supreme Court of the State of New York County.,"{'class': 'positive', 'polarity': 0.05, 'subjectivity': 0.22}"
332,2023/12/12 20:04,"BlackRockâs ETF, technological progress, and clearer regulations are all injecting confidence back into the crypto market, according to Jeremy Allaire.","{'class': 'neutral', 'polarity': 0.0, 'subjectivity': 0.0}"
333,2023/12/12 19:52,"Disgraced Terraform Labsâ?co-founder, Do Kwon, will stay in Montenegrin custody through February 2024, according to a new report.","{'class': 'positive', 'polarity': 0.14, 'subjectivity': 0.45}"
334,2023/12/12 19:38,"Representative Dean Phillips, a member of the United States House of Representatives running against Joe Biden for the Democratic nomination in the 2024 presidential election, recently criticized President Joe Biden and former President Donald Trump for their positions on crypto.","{'class': 'neutral', 'polarity': 0.0, 'subjectivity': 0.12}"
335,2023/12/12 19:32,A coalition of web3 companies have established the âUniversal Privacy Allianceâ?with the aim of safeguarding digital privacy rights.,"{'class': 'neutral', 'polarity': 0.0, 'subjectivity': 0.0}"
336,2023/12/12 18:33,BNB Chain has unveiled the roadmap for the Greenfield decentralized storage network targeting web2 and web3 integrations and better innovation to drive blockchain adoption,"{'class': 'positive', 'polarity': 0.5, 'subjectivity': 0.5}"
337,2023/12/12 18:30,Defendants David Gilbert Saffron and Vincent Anthony Mazzotta Jr. allegedly solicited users' deposits for investment and used them for lavish personal expenditures.,"{'class': 'negative', 'polarity': -0.05, 'subjectivity': 0.2}"
338,2023/12/12 18:28,Vehemently anti-crypto US Senator Elizabeth Warren is still on the warpath with full intentions of quashing the embryonic asset class.\xa0,"{'class': 'positive', 'polarity': 0.35, 'subjectivity': 0.55}"
339,2023/12/12 17:59,"Japanese financial services firm SBI Holdings announced last Thursday that it has signed a memorandum of understanding (MOU) with oil giant Saudi Aramco for potential collaboration on digital asset investing.\r\n\r\nAccording to the document, SBIâs agreement with the state-owned oil giant would...","{'class': 'negative', 'polarity': -0.03, 'subjectivity': 0.43}"
340,2023/12/12 17:52,"A Stanford Law professor who worked on the landmark fraud trial of FTX founder Sam Bankman-Fried said he was the âworst personâ?he had ever seen do a cross-examination and called the odds of winning the case âalmost impossible,â?according to a new Bloomberg report.","{'class': 'negative', 'polarity': -0.26, 'subjectivity': 0.8}"
341,2023/12/12 17:30,Celestia will become an option for data availability within the Polygon CDK software.,"{'class': 'neutral', 'polarity': 0.0, 'subjectivity': 0.0}"
342,2023/12/12 17:00,Investment firm Skybridge Capital has reported an increase of 130% in its cryptocurrency investments courtesy of the recent surge in prices.,"{'class': 'negative', 'polarity': -0.1, 'subjectivity': 0.33}"
343,2023/12/12 17:00,"At the intersection of memes and finance, this project is crafting a new narrative for cryptocurrency, prioritizing community and creativity.","{'class': 'positive', 'polarity': 0.14, 'subjectivity': 0.45}"
344,2023/12/12 16:45,"KuCoin will no longer serve the New York market, as part of its settlement deal with the NYAG.  ","{'class': 'positive', 'polarity': 0.14, 'subjectivity': 0.45}"
345,2023/12/12 16:20,"Dubaiâs financial regulator, the Virtual Asset Regulatory Authority (VARA) has issued a conditional operating license to AYA Platform, a web3 launchpad subsidiary of Enjinstarter.","{'class': 'neutral', 'polarity': 0.0, 'subjectivity': 0.0}"
346,2023/12/12 15:17,"Ethereum research and development firm =nil; Foundation today announced the launch of Type-1 zkEVM, designed to enhance security and scalability for Ethereum.","{'class': 'negative', 'polarity': -0.2, 'subjectivity': 0.4}"
347,2023/12/12 15:10,The decline in BTC supply on exchange is considered a bullish sign because it shows an increased desire by investors to continue holding their assets.,"{'class': 'neutral', 'polarity': 0.0, 'subjectivity': 0.0}"
348,2023/12/12 15:00,The Devonomics initiative from the Starknet Foundation aims to return a portion of network fees to incentivize developers.,"{'class': 'neutral', 'polarity': 0.0, 'subjectivity': 0.0}"
349,2023/12/12 15:00,A new Ethereum zero-knowledge proof compiler could address security concerns identified in different zkEVM solutions.,"{'class': 'positive', 'polarity': 0.07, 'subjectivity': 0.53}"
350,2023/12/12 14:55,Uncover what Midjourney is and learn the essentials of using this innovative AI tool to create stunning and unique art pieces.,"{'class': 'positive', 'polarity': 0.46, 'subjectivity': 1.0}"
351,2023/12/12 14:26,"Bitcoin is nowhere near done with its bull market, should a chart fractal from several years ago continue to play out.","{'class': 'positive', 'polarity': 0.05, 'subjectivity': 0.2}"
352,2023/12/12 14:14,Major Coinbase shareholders have sold over $14 million of stocks over the past 48 hours.,"{'class': 'negative', 'polarity': -0.09, 'subjectivity': 0.38}"
353,2023/12/12 14:01,"New studies have examined the water consumption of Bitcoin, with alarming results.","{'class': 'positive', 'polarity': 0.02, 'subjectivity': 0.53}"
354,2023/12/12 14:00,"Today in crypto: BNB Chain published the tech roadmap for its decentralized storage network BNB Greenfield, Neon EVM and Ledger Live integrated to enhance safety and user experience + more news!","{'class': 'positive', 'polarity': 0.38, 'subjectivity': 0.5}"
355,2023/12/12 13:40,BTC's price showed little-to-no volatility after the news went out. ,"{'class': 'neutral', 'polarity': 0.0, 'subjectivity': 0.0}"
356,2023/12/12 13:20,"Avalanche's on-chain metrics provide compelling evidence, confirming AVAX's resilience amidst the broader market correction. ","{'class': 'positive', 'polarity': 0.3, 'subjectivity': 0.6}"
357,2023/12/12 13:01,"Aside from Wintermute, other leading liquidity providers, including Selini Capital and Black Code Group, also support WOO X.","{'class': 'negative', 'polarity': -0.15, 'subjectivity': 0.4}"
358,2023/12/12 13:00,"The supply of Ether has hit a new low since the historic Shanghai upgrade of the Ethereum network, witnessing a decline of more than 309,500 coins since September last year.","{'class': 'positive', 'polarity': 0.13, 'subjectivity': 0.26}"
359,2023/12/12 12:48,The Chinese Ministry of Public Security plans to implement a blockchain-based identity verification system that it claims will help keep personal data and identity credentials safe.,"{'class': 'positive', 'polarity': 0.12, 'subjectivity': 0.22}"
360,2023/12/12 12:47,Oasys Director Daiki Moriyama told Cointelegraph that the move allows smaller game developers to have an easier time deploying their games on the network.,"{'class': 'negative', 'polarity': -0.2, 'subjectivity': 0.45}"
361,2023/12/12 12:33,"WAX co-founder William Quigley told Cointelegraph that despite the bear market, NFT technology remains promising.","{'class': 'positive', 'polarity': 0.2, 'subjectivity': 0.5}"
362,2023/12/12 12:09,The head of Sam Bankman-Friedâs legal defense admitted the odds of winning the FTX fraud trial were stacked against the former CEO.,"{'class': 'positive', 'polarity': 0.23, 'subjectivity': 0.32}"
363,2023/12/12 11:42,Senator Elizabeth Warren (D-Mass.) has announced an increase in support for the bipartisan Digital Asset Anti-Money Laundering Act.,"{'class': 'neutral', 'polarity': 0.0, 'subjectivity': 0.0}"
364,2023/12/12 11:40,One hundred digital collectibles will be available on December 15 and will offer fans the chance to secure FIFA World Cup 26 final tickets.,"{'class': 'positive', 'polarity': 0.2, 'subjectivity': 0.5}"
365,2023/12/12 11:36,"Coinbase's âsimple modeâ?lets users send USD Coin (USDC) on Base âfree, instantly, globally.â?,Coinbase Crypto Wallet Offers âSimple Modeâ?for Improved UX: CEO Armstrong,https://cryptonews.comhttps://cryptonews.com/news/coinbase-crypto-wallet-offers-simple-mode-for-improved-ux-ceo-armstrong.htm
2023-12-12 11:23:00,{'class': 'neutral'","{'class': 'negative', 'polarity': -0.1, 'subjectivity': 0.54}"
366,2023/12/12 10:58,"Debtors of FTX have raised concerns over the Internal Revenue Service's (IRS) claim of $24 billion in taxes, warning that it could impede the return of customer funds.","{'class': 'neutral', 'polarity': 0.0, 'subjectivity': 0.0}"
367,2023/12/12 10:30,The cryptocurrency market continues to experience rapid price surges and slight corrections in recent weeks setting the tone for more decentralized finance (DeFi) transactions as the market rebounds.,"{'class': 'positive', 'polarity': 0.11, 'subjectivity': 0.31}"
368,2023/12/12 9:52,"The cryptocurrency market has bounced back in the past 12 hours, with Bitcoin (BTC) regaining the $41,000 level. Cardano (ADA) has also ridden the bullish wave upwards, soaring 13% from","{'class': 'negative', 'polarity': -0.12, 'subjectivity': 0.12}"
369,2023/12/12 9:47,"Aside from AVAX, several other alts have jumped a lot in the past 24 hours, including BNB, ADA, and DOT.","{'class': 'negative', 'polarity': -0.12, 'subjectivity': 0.21}"
370,2023/12/12 9:12,"AYA is a climate-focused launchpad that supports innovations around sustainability â?such as reforestation, nature credits, mangrove conservation, and sustainable agriculture.","{'class': 'neutral', 'polarity': 0.0, 'subjectivity': 0.5}"
371,2023/12/12 8:55,"Bitcoin preserves $40,000 as support and bounces higher as traders eye the impact of 'institutional sized' moves on BTC price.","{'class': 'positive', 'polarity': 0.25, 'subjectivity': 0.5}"
372,2023/12/12 7:58,China has unveiled plans to use blockchain technology for the verification of real-name identities of its vast population of 1.4 billion people.,"{'class': 'neutral', 'polarity': 0.0, 'subjectivity': 1.0}"
373,2023/12/12 7:34,The latest spike in LItecoin's active addresses comes less than a month after they hit a six-month high.,"{'class': 'positive', 'polarity': 0.09, 'subjectivity': 0.53}"
374,2023/12/12 6:59,"If the IRS statement is approved, creditor recovery is practically impossible.\r\n","{'class': 'negative', 'polarity': -0.67, 'subjectivity': 1.0}"
375,2023/12/12 6:57,Crypto mining firms have seen double-digit drops after Bitcoin experienced its most significant decline in nearly four months.,"{'class': 'positive', 'polarity': 0.44, 'subjectivity': 0.67}"
376,2023/12/12 6:53,"In the dynamic world of cryptocurrency, Bitcoin (BTC) is experiencing subtle yet noticeable fluctuations, trading at $41,457 with over 0.50% rise as of Tuesday. Market sentiments are heavily influenced by key economic events and policy changes. As the Federal Open Market Committee (FOMC) meeting approaches...","{'class': 'negative', 'polarity': -0.06, 'subjectivity': 0.48}"
377,2023/12/12 6:44,"In the opening week of December, crypto exchange Bitget witnessed a significant surge in new user registrations, surpassing the entire count for December of the previous year by 20%.","{'class': 'positive', 'polarity': 0.09, 'subjectivity': 0.53}"
378,2023/12/12 6:04,"Bitcoin core developer Luke Dashjr said he played no part in flagging Bitcoin inscriptions as a cybersecurity threat with the NVD, as the listing received a â?.3 Mediumâ?severity score.","{'class': 'neutral', 'polarity': 0.0, 'subjectivity': 0.0}"
379,2023/12/12 6:04,"El Salvador's highly anticipated Bitcoin bonds, also known as 'Volcano Bonds,' have received the regulatory approval for an early 2024 issuance.","{'class': 'positive', 'polarity': 0.13, 'subjectivity': 0.42}"
380,2023/12/12 5:00,"The trial of a suspected crypto fraudster who allegedly duped victims by telling them they were investing in an art-themed altcoin and NFTs has begun at court in Gwangju, South Korea.","{'class': 'negative', 'polarity': -0.1, 'subjectivity': 0.1}"
381,2023/12/12 4:28,"Bitcoin's network performance and transaction fees may be impacted by the vulnerability, potentially limiting future Ordinals inscriptions. ","{'class': 'neutral', 'polarity': 0.0, 'subjectivity': 0.56}"
382,2023/12/12 3:53,"AVAX surged while other tokens plunged, with analysts pegging its outperformance on being relatively undervalued while forging new partnerships with JPMorgan and Citi.","{'class': 'positive', 'polarity': 0.0, 'subjectivity': 0.28}"
383,2023/12/12 2:40,"The Volcano Bond was approved by the country's Digital Assets Commission on Dec. 11, with issuance expected in Q1, 2024.","{'class': 'negative', 'polarity': -0.05, 'subjectivity': 0.2}"
384,2023/12/12 0:30,The Russian Central Bank is playing down talk of a 2024 rollout for its digital ruble â?insisting that the coin will not be ready for nationwide use before 2025.,"{'class': 'positive', 'polarity': 0.01, 'subjectivity': 0.21}"
385,2023/12/12 0:03,"Here is our weekly collection of digital asset listing and delisting, trading pair-related announcements by crypto exchanges that we found last week and today.","{'class': 'neutral', 'polarity': 0.0, 'subjectivity': 0.03}"
